source_country,source_location,target_pakistani_location,event_type_mapping,relationship_count,minimum_lag_days,maximum_lag_days,mean_lag_days,median_lag_days,earliest_example,latest_example,caveat
Afghanistan,af_kabul,pk_peshawar,Temperature->Temperature,55,1,10,4.090909,3.0,temperature_0ad10c777f9e,temperature_ead5ab1cf419,"This UPSTREAM_OF relationship is a temporal/geographic candidate association, not proven causation or a weather forecast."
Afghanistan,af_jalalabad,pk_peshawar,Temperature->Temperature,46,1,10,4.152174,3.0,temperature_09275afbf7fc,temperature_0fbd04ff1e11,"This UPSTREAM_OF relationship is a temporal/geographic candidate association, not proven causation or a weather forecast."
India,in_srinagar,pk_gilgit,Temperature->Temperature,42,1,9,3.142857,2.0,temperature_1e95ba528180,temperature_8d6e503fed7f,"This UPSTREAM_OF relationship is a temporal/geographic candidate association, not proven causation or a weather forecast."
India,in_amritsar,pk_lahore,Temperature->Temperature,40,1,8,2.9,2.0,temperature_1b8e29b072d8,temperature_959f6b00532a,"This UPSTREAM_OF relationship is a temporal/geographic candidate association, not proven causation or a weather forecast."
India,in_new_delhi,pk_lahore,Temperature->Temperature,37,1,10,3.540541,3.0,temperature_17ae22d1205d,temperature_66b68a09bd27,"This UPSTREAM_OF relationship is a temporal/geographic candidate association, not proven causation or a weather forecast."
India,in_jaipur,pk_lahore,Temperature->Temperature,36,1,10,3.527778,2.0,temperature_0fbd6d98ad6f,temperature_58d247ef080b,"This UPSTREAM_OF relationship is a temporal/geographic candidate association, not proven causation or a weather forecast."
China,cn_urumqi,pk_gilgit,Temperature->Temperature,32,1,7,3.03125,3.0,temperature_1adbe4f7c923,temperature_5ae07da16373,"This UPSTREAM_OF relationship is a temporal/geographic candidate association, not proven causation or a weather forecast."
Iran,ir_kerman,pk_quetta,Temperature->Temperature,28,1,9,2.821429,2.0,temperature_11712da7c8d6,temperature_2aed7a846140,"This UPSTREAM_OF relationship is a temporal/geographic candidate association, not proven causation or a weather forecast."
Afghanistan,af_kandahar,pk_quetta,Temperature->Temperature,27,1,10,3.222222,3.0,temperature_267e2df7454a,temperature_5ec1e47a7f66,"This UPSTREAM_OF relationship is a temporal/geographic candidate association, not proven causation or a weather forecast."
India,in_srinagar,pk_gilgit,Rainfall->Rainfall,27,1,10,4.740741,4.0,rainfall_05a5801dc86a,rainfall_56f08ea5c8e9,"This UPSTREAM_OF relationship is a temporal/geographic candidate association, not proven causation or a weather forecast."
China,cn_kashgar,pk_gilgit,Temperature->Temperature,26,1,8,2.923077,2.0,temperature_03a5d5f24879,temperature_550d3771c1cb,"This UPSTREAM_OF relationship is a temporal/geographic candidate association, not proven causation or a weather forecast."
Iran,ir_mashhad,pk_quetta,Temperature->Temperature,23,1,10,2.782609,2.0,temperature_0a8ad5b4548a,temperature_5a7f11cc1fd6,"This UPSTREAM_OF relationship is a temporal/geographic candidate association, not proven causation or a weather forecast."
Afghanistan,af_jalalabad,pk_peshawar,Wind->Wind,23,1,10,4.434783,4.0,wind_2843e0253bc3,wind_4831ba0bc6f4,"This UPSTREAM_OF relationship is a temporal/geographic candidate association, not proven causation or a weather forecast."
India,in_jaipur,pk_lahore,Wind->Wind,23,1,10,4.826087,4.0,wind_2c9703c365fd,wind_49e00f04e7aa,"This UPSTREAM_OF relationship is a temporal/geographic candidate association, not proven causation or a weather forecast."
Afghanistan,af_herat,pk_quetta,Temperature->Temperature,22,1,5,2.272727,2.0,temperature_1cf221292e80,temperature_63078d79a4c8,"This UPSTREAM_OF relationship is a temporal/geographic candidate association, not proven causation or a weather forecast."
Afghanistan,af_kandahar,pk_quetta,Wind->Wind,22,1,10,4.363636,3.5,wind_206e638b9d14,wind_8ef24bfc2cf2,"This UPSTREAM_OF relationship is a temporal/geographic candidate association, not proven causation or a weather forecast."
China,cn_hotan,pk_gilgit,Temperature->Temperature,21,1,9,3.809524,3.0,temperature_0cc29c3f4f73,temperature_f5ce3ee4bdc4,"This UPSTREAM_OF relationship is a temporal/geographic candidate association, not proven causation or a weather forecast."
Afghanistan,af_kabul,pk_peshawar,Wind->Wind,20,1,9,3.8,2.5,wind_1c0044533df8,wind_76f00aff2eef,"This UPSTREAM_OF relationship is a temporal/geographic candidate association, not proven causation or a weather forecast."
India,in_new_delhi,pk_lahore,Wind->Wind,20,1,9,3.95,4.0,wind_89de21b27181,wind_273e214aad9c,"This UPSTREAM_OF relationship is a temporal/geographic candidate association, not proven causation or a weather forecast."
China,cn_hotan,pk_gilgit,Wind->Wind,19,1,10,4.210526,4.0,wind_063a3f3d1449,wind_41960fce3203,"This UPSTREAM_OF relationship is a temporal/geographic candidate association, not proven causation or a weather forecast."
India,in_amritsar,pk_lahore,Wind->Wind,18,1,10,5.055556,5.0,wind_44452d0b2f98,wind_a7669ee6da22,"This UPSTREAM_OF relationship is a temporal/geographic candidate association, not proven causation or a weather forecast."
India,in_srinagar,pk_gilgit,Wind->Wind,17,1,10,4.823529,5.0,wind_7f0ab3459df0,wind_08849e6bd453,"This UPSTREAM_OF relationship is a temporal/geographic candidate association, not proven causation or a weather forecast."
Iran,ir_mashhad,pk_islamabad,Temperature->Temperature,16,1,5,1.625,1.0,temperature_06ae57398a21,temperature_88230453951e,"This UPSTREAM_OF relationship is a temporal/geographic candidate association, not proven causation or a weather forecast."
China,cn_kashgar,pk_gilgit,Wind->Wind,16,1,9,4.4375,4.0,wind_129c95262c11,wind_b79dfa16034b,"This UPSTREAM_OF relationship is a temporal/geographic candidate association, not proven causation or a weather forecast."
China,cn_kashgar,pk_sukkur,Temperature->Temperature,14,1,3,1.428571,1.0,temperature_09f3e2138f1f,temperature_adbf3f2783cb,"This UPSTREAM_OF relationship is a temporal/geographic candidate association, not proven causation or a weather forecast."
Iran,ir_mashhad,pk_multan,Temperature->Temperature,14,1,5,1.5,1.0,temperature_06ae57398a21,temperature_0009ae2e8d35,"This UPSTREAM_OF relationship is a temporal/geographic candidate association, not proven causation or a weather forecast."
Afghanistan,af_herat,pk_quetta,Wind->Wind,14,1,8,2.857143,2.0,wind_0abf2b768bf8,wind_f4d90dbf95b2,"This UPSTREAM_OF relationship is a temporal/geographic candidate association, not proven causation or a weather forecast."
Iran,ir_kerman,pk_quetta,Wind->Wind,14,1,9,3.857143,3.5,wind_17c2ac2a7a11,wind_7bd265dc1429,"This UPSTREAM_OF relationship is a temporal/geographic candidate association, not proven causation or a weather forecast."
China,cn_urumqi,pk_sukkur,Temperature->Temperature,13,1,10,2.0,1.0,temperature_1adbe4f7c923,temperature_241cf6721c0d,"This UPSTREAM_OF relationship is a temporal/geographic candidate association, not proven causation or a weather forecast."
Iran,ir_mashhad,pk_quetta,Wind->Wind,13,1,8,2.846154,2.0,wind_233c5be71dea,wind_6870749c41f8,"This UPSTREAM_OF relationship is a temporal/geographic candidate association, not proven causation or a weather forecast."
Afghanistan,af_herat,pk_sukkur,Temperature->Temperature,12,1,1,1.0,1.0,temperature_06f9e4bd6352,temperature_47d4087480ef,"This UPSTREAM_OF relationship is a temporal/geographic candidate association, not proven causation or a weather forecast."
China,cn_urumqi,pk_islamabad,Temperature->Temperature,12,1,4,1.583333,1.0,temperature_0581d644bd91,temperature_965ae56c146d,"This UPSTREAM_OF relationship is a temporal/geographic candidate association, not proven causation or a weather forecast."
Afghanistan,af_kandahar,pk_sukkur,Temperature->Temperature,11,1,6,1.727273,1.0,temperature_065cb7af2a65,temperature_d15f498a29f6,"This UPSTREAM_OF relationship is a temporal/geographic candidate association, not proven causation or a weather forecast."
China,cn_hotan,pk_multan,Temperature->Temperature,11,1,5,1.636364,1.0,temperature_0cc29c3f4f73,temperature_28ec7d97b213,"This UPSTREAM_OF relationship is a temporal/geographic candidate association, not proven causation or a weather forecast."
China,cn_kashgar,pk_multan,Temperature->Temperature,11,1,5,1.909091,1.0,temperature_09f3e2138f1f,temperature_f511f30184e8,"This UPSTREAM_OF relationship is a temporal/geographic candidate association, not proven causation or a weather forecast."
India,in_jaipur,pk_multan,Wind->Wind,11,1,6,2.0,1.0,wind_055aee74748b,wind_3e1620adfc3c,"This UPSTREAM_OF relationship is a temporal/geographic candidate association, not proven causation or a weather forecast."
India,in_jaipur,pk_sukkur,Temperature->Temperature,11,1,5,2.272727,1.0,temperature_054911102178,temperature_9221105ef543,"This UPSTREAM_OF relationship is a temporal/geographic candidate association, not proven causation or a weather forecast."
India,in_new_delhi,pk_islamabad,Temperature->Temperature,11,1,6,2.181818,1.0,temperature_0fe766e0fbcb,temperature_0c216197462a,"This UPSTREAM_OF relationship is a temporal/geographic candidate association, not proven causation or a weather forecast."
India,in_srinagar,pk_sukkur,Temperature->Temperature,11,1,3,1.363636,1.0,temperature_08ccd45f3b90,temperature_93a69edfc84c,"This UPSTREAM_OF relationship is a temporal/geographic candidate association, not proven causation or a weather forecast."
Iran,ir_zahedan,pk_quetta,Wind->Wind,11,1,8,3.181818,2.0,wind_2905025c118b,wind_3633df300c06,"This UPSTREAM_OF relationship is a temporal/geographic candidate association, not proven causation or a weather forecast."
India,in_amritsar,pk_lahore,Rainfall->Rainfall,11,1,7,3.909091,5.0,rainfall_9f98c20402de,rainfall_882fa031a79c,"This UPSTREAM_OF relationship is a temporal/geographic candidate association, not proven causation or a weather forecast."
Afghanistan,af_herat,pk_multan,Temperature->Temperature,10,1,2,1.2,1.0,temperature_0c8409761f06,temperature_53f7fab22e2e,"This UPSTREAM_OF relationship is a temporal/geographic candidate association, not proven causation or a weather forecast."
India,in_jaipur,pk_islamabad,Wind->Wind,10,1,6,1.5,1.0,wind_055aee74748b,wind_c60b6d36b446,"This UPSTREAM_OF relationship is a temporal/geographic candidate association, not proven causation or a weather forecast."
India,in_srinagar,pk_islamabad,Wind->Wind,10,1,5,1.6,1.0,wind_1f577478061e,wind_419caec12b55,"This UPSTREAM_OF relationship is a temporal/geographic candidate association, not proven causation or a weather forecast."
Iran,ir_mashhad,pk_sukkur,Temperature->Temperature,10,1,5,1.5,1.0,temperature_04955bc24214,temperature_e03668450ebe,"This UPSTREAM_OF relationship is a temporal/geographic candidate association, not proven causation or a weather forecast."
Afghanistan,af_jalalabad,pk_islamabad,Temperature->Temperature,10,1,5,2.0,1.5,temperature_145e7289fc44,temperature_d4a6ed174dfd,"This UPSTREAM_OF relationship is a temporal/geographic candidate association, not proven causation or a weather forecast."
China,cn_hotan,pk_islamabad,Temperature->Temperature,10,1,4,1.9,1.5,temperature_0891b53392ba,temperature_82ec89763505,"This UPSTREAM_OF relationship is a temporal/geographic candidate association, not proven causation or a weather forecast."
China,cn_urumqi,pk_islamabad,Wind->Wind,10,1,4,2.0,2.0,wind_0b66f94d1234,wind_efc7bed60e09,"This UPSTREAM_OF relationship is a temporal/geographic candidate association, not proven causation or a weather forecast."
Afghanistan,af_jalalabad,pk_peshawar,Heatwave->Temperature,10,1,10,5.2,4.5,heatwave_116ccc4f23fd,temperature_2f93e8eb7737,"This UPSTREAM_OF relationship is a temporal/geographic candidate association, not proven causation or a weather forecast."
India,in_new_delhi,pk_islamabad,Rainfall->Rainfall,10,1,9,4.5,4.5,rainfall_33d4d820de9d,rainfall_696a1d64f1b0,"This UPSTREAM_OF relationship is a temporal/geographic candidate association, not proven causation or a weather forecast."
India,in_new_delhi,pk_lahore,Rainfall->Rainfall,10,2,9,5.4,5.0,rainfall_03d122208e33,rainfall_2e39bcb1af5a,"This UPSTREAM_OF relationship is a temporal/geographic candidate association, not proven causation or a weather forecast."
Afghanistan,af_kandahar,pk_multan,Temperature->Temperature,9,1,2,1.111111,1.0,temperature_106ec77bad6d,temperature_16630f8b7932,"This UPSTREAM_OF relationship is a temporal/geographic candidate association, not proven causation or a weather forecast."
China,cn_urumqi,pk_multan,Temperature->Temperature,9,1,2,1.222222,1.0,temperature_0ba43d7cd11d,temperature_5736c76a582c,"This UPSTREAM_OF relationship is a temporal/geographic candidate association, not proven causation or a weather forecast."
India,in_amritsar,pk_multan,Temperature->Temperature,9,1,4,1.444444,1.0,temperature_1e062d935044,temperature_ecc3061f5e90,"This UPSTREAM_OF relationship is a temporal/geographic candidate association, not proven causation or a weather forecast."
India,in_jaipur,pk_islamabad,Temperature->Temperature,9,1,4,2.0,1.0,temperature_1f1348c804ac,temperature_db1f3913b388,"This UPSTREAM_OF relationship is a temporal/geographic candidate association, not proven causation or a weather forecast."
India,in_jaipur,pk_multan,Temperature->Temperature,9,1,3,1.666667,1.0,temperature_15a41fba7374,temperature_638057a9e157,"This UPSTREAM_OF relationship is a temporal/geographic candidate association, not proven causation or a weather forecast."
Iran,ir_mashhad,pk_multan,Wind->Wind,9,1,5,1.777778,1.0,wind_233c5be71dea,wind_8d3f7a890856,"This UPSTREAM_OF relationship is a temporal/geographic candidate association, not proven causation or a weather forecast."
Iran,ir_zahedan,pk_quetta,Temperature->Temperature,9,1,9,3.888889,3.0,temperature_255788a73418,temperature_eb726fe83309,"This UPSTREAM_OF relationship is a temporal/geographic candidate association, not proven causation or a weather forecast."
Afghanistan,af_kandahar,pk_islamabad,Wind->Wind,8,1,3,1.375,1.0,wind_150c6b6a3a3e,wind_dbb3679e2e8d,"This UPSTREAM_OF relationship is a temporal/geographic candidate association, not proven causation or a weather forecast."
India,in_amritsar,pk_islamabad,Temperature->Temperature,8,1,2,1.25,1.0,temperature_5f95def02f3b,temperature_1d3cd3d764e3,"This UPSTREAM_OF relationship is a temporal/geographic candidate association, not proven causation or a weather forecast."
India,in_amritsar,pk_sukkur,Temperature->Temperature,8,1,5,1.5,1.0,temperature_002cf514f45c,temperature_b398405c8b6a,"This UPSTREAM_OF relationship is a temporal/geographic candidate association, not proven causation or a weather forecast."
Iran,ir_kerman,pk_islamabad,Temperature->Temperature,8,1,3,1.5,1.0,temperature_080460abb61b,temperature_32e3cebc5aea,"This UPSTREAM_OF relationship is a temporal/geographic candidate association, not proven causation or a weather forecast."
Iran,ir_kerman,pk_multan,Wind->Wind,8,1,3,1.5,1.0,wind_24448150163d,wind_5de923a0bc9f,"This UPSTREAM_OF relationship is a temporal/geographic candidate association, not proven causation or a weather forecast."
China,cn_hotan,pk_sukkur,Temperature->Temperature,8,1,5,2.125,1.5,temperature_1e60b960cc6d,temperature_052807a15d2c,"This UPSTREAM_OF relationship is a temporal/geographic candidate association, not proven causation or a weather forecast."
China,cn_urumqi,pk_multan,Wind->Wind,8,1,8,2.875,1.5,wind_0c4d7779b693,wind_45d7252914ed,"This UPSTREAM_OF relationship is a temporal/geographic candidate association, not proven causation or a weather forecast."
India,in_new_delhi,pk_multan,Wind->Wind,8,1,8,2.25,1.5,wind_00cac14ff915,wind_c73f7ec01336,"This UPSTREAM_OF relationship is a temporal/geographic candidate association, not proven causation or a weather forecast."
Iran,ir_kerman,pk_multan,Temperature->Temperature,8,1,3,1.875,1.5,temperature_08f1c67f088e,temperature_0fbe6a5cc7b4,"This UPSTREAM_OF relationship is a temporal/geographic candidate association, not proven causation or a weather forecast."
Iran,ir_kerman,pk_sukkur,Wind->Wind,8,1,7,2.625,1.5,wind_24448150163d,wind_fa6608d3231c,"This UPSTREAM_OF relationship is a temporal/geographic candidate association, not proven causation or a weather forecast."
China,cn_kashgar,pk_islamabad,Temperature->Temperature,8,1,7,2.75,2.0,temperature_4da099633217,temperature_6b04db875543,"This UPSTREAM_OF relationship is a temporal/geographic candidate association, not proven causation or a weather forecast."
India,in_srinagar,pk_multan,Temperature->Temperature,8,1,5,2.25,2.0,temperature_1d2fb659bd0d,temperature_201cd7ed6711,"This UPSTREAM_OF relationship is a temporal/geographic candidate association, not proven causation or a weather forecast."
India,in_jaipur,pk_lahore,Rainfall->Rainfall,8,1,6,3.0,2.5,rainfall_4603dd1c832b,rainfall_1e4443ccd177,"This UPSTREAM_OF relationship is a temporal/geographic candidate association, not proven causation or a weather forecast."
India,in_srinagar,pk_islamabad,Rainfall->Rainfall,8,1,9,3.75,2.5,rainfall_4dce250e7b78,rainfall_be8ae8400177,"This UPSTREAM_OF relationship is a temporal/geographic candidate association, not proven causation or a weather forecast."
India,in_amritsar,pk_multan,Rainfall->Rainfall,8,1,8,3.875,4.0,rainfall_81af3d12336d,rainfall_42c281e028f0,"This UPSTREAM_OF relationship is a temporal/geographic candidate association, not proven causation or a weather forecast."
China,cn_urumqi,pk_gilgit,Rainfall->Rainfall,8,2,10,7.125,8.5,rainfall_120bfb4a11b7,rainfall_76fb22f05c1b,"This UPSTREAM_OF relationship is a temporal/geographic candidate association, not proven causation or a weather forecast."
Afghanistan,af_herat,pk_islamabad,Temperature->Temperature,7,1,2,1.285714,1.0,temperature_0fdef35a54f9,temperature_a5f540c3aa6b,"This UPSTREAM_OF relationship is a temporal/geographic candidate association, not proven causation or a weather forecast."
Afghanistan,af_jalalabad,pk_islamabad,Wind->Wind,7,1,3,1.428571,1.0,wind_07d16c81c390,wind_2a3f108d55cd,"This UPSTREAM_OF relationship is a temporal/geographic candidate association, not proven causation or a weather forecast."
Afghanistan,af_jalalabad,pk_multan,Temperature->Temperature,7,1,5,1.857143,1.0,temperature_0efffac6abcf,temperature_71f61ab1d47c,"This UPSTREAM_OF relationship is a temporal/geographic candidate association, not proven causation or a weather forecast."
Afghanistan,af_jalalabad,pk_sukkur,Temperature->Temperature,7,1,2,1.285714,1.0,temperature_1298f4e963f9,temperature_4e57e41de3a4,"This UPSTREAM_OF relationship is a temporal/geographic candidate association, not proven causation or a weather forecast."
Afghanistan,af_kabul,pk_islamabad,Temperature->Temperature,7,1,2,1.285714,1.0,temperature_013ce998af69,temperature_b36b63521823,"This UPSTREAM_OF relationship is a temporal/geographic candidate association, not proven causation or a weather forecast."
China,cn_kashgar,pk_sukkur,Wind->Wind,7,1,6,2.285714,1.0,wind_0ad9826d7a29,wind_2799df290093,"This UPSTREAM_OF relationship is a temporal/geographic candidate association, not proven causation or a weather forecast."
India,in_srinagar,pk_multan,Wind->Wind,7,1,10,2.285714,1.0,wind_274b5ab35f98,wind_40b3ab8d294a,"This UPSTREAM_OF relationship is a temporal/geographic candidate association, not proven causation or a weather forecast."
Iran,ir_kerman,pk_sukkur,Temperature->Temperature,7,1,4,2.142857,1.0,temperature_075ee1b9ff68,temperature_7d401a0a109d,"This UPSTREAM_OF relationship is a temporal/geographic candidate association, not proven causation or a weather forecast."
China,cn_urumqi,pk_gilgit,Wind->Wind,7,1,9,3.714286,2.0,wind_68e23f7c00ee,wind_77107b334921,"This UPSTREAM_OF relationship is a temporal/geographic candidate association, not proven causation or a weather forecast."
India,in_amritsar,pk_islamabad,Rainfall->Rainfall,7,1,5,2.714286,3.0,rainfall_e1012bb26f0c,rainfall_6b8de010ba07,"This UPSTREAM_OF relationship is a temporal/geographic candidate association, not proven causation or a weather forecast."
India,in_jaipur,pk_islamabad,Rainfall->Rainfall,7,1,6,3.142857,3.0,rainfall_a0f04088abee,rainfall_09c3737b8b6a,"This UPSTREAM_OF relationship is a temporal/geographic candidate association, not proven causation or a weather forecast."
Iran,ir_mashhad,pk_sukkur,Wind->Wind,7,1,4,2.428571,3.0,wind_29313d8c1aa8,wind_9e79c520cb7a,"This UPSTREAM_OF relationship is a temporal/geographic candidate association, not proven causation or a weather forecast."
Afghanistan,af_jalalabad,pk_islamabad,Rainfall->Rainfall,6,1,9,2.666667,1.0,rainfall_1b72f14c257c,rainfall_93373aa37014,"This UPSTREAM_OF relationship is a temporal/geographic candidate association, not proven causation or a weather forecast."
Afghanistan,af_kabul,pk_islamabad,Wind->Wind,6,1,3,1.5,1.0,wind_040914d6ba9a,wind_6c153615ef18,"This UPSTREAM_OF relationship is a temporal/geographic candidate association, not proven causation or a weather forecast."
China,cn_hotan,pk_multan,Wind->Wind,6,1,8,2.166667,1.0,wind_098cfd0dbd93,wind_a01cf4bf6726,"This UPSTREAM_OF relationship is a temporal/geographic candidate association, not proven causation or a weather forecast."
India,in_new_delhi,pk_multan,Temperature->Temperature,6,1,3,1.5,1.0,temperature_2f3e0bea2cf3,temperature_2cea438bf0ce,"This UPSTREAM_OF relationship is a temporal/geographic candidate association, not proven causation or a weather forecast."
Iran,ir_zahedan,pk_multan,Temperature->Temperature,6,1,1,1.0,1.0,temperature_076887a8ae85,temperature_e4812367857f,"This UPSTREAM_OF relationship is a temporal/geographic candidate association, not proven causation or a weather forecast."
Afghanistan,af_kandahar,pk_islamabad,Rainfall->Rainfall,6,1,3,1.833333,1.5,rainfall_21c27afe46d8,rainfall_b77d67a87eb0,"This UPSTREAM_OF relationship is a temporal/geographic candidate association, not proven causation or a weather forecast."
India,in_new_delhi,pk_sukkur,Wind->Wind,6,1,3,1.666667,1.5,wind_0c82138a5aa3,wind_95bc4b689da9,"This UPSTREAM_OF relationship is a temporal/geographic candidate association, not proven causation or a weather forecast."
India,in_srinagar,pk_multan,Rainfall->Rainfall,6,1,9,3.0,1.5,rainfall_1a0523ea2be8,rainfall_97dd66d345a8,"This UPSTREAM_OF relationship is a temporal/geographic candidate association, not proven causation or a weather forecast."
India,in_srinagar,pk_sukkur,Wind->Wind,6,1,8,3.166667,1.5,wind_0a0bb9fb656a,wind_df9fdef8dd4d,"This UPSTREAM_OF relationship is a temporal/geographic candidate association, not proven causation or a weather forecast."
Iran,ir_mashhad,pk_sukkur,Temperature->Heatwave,6,1,5,2.0,1.5,temperature_06ae57398a21,heatwave_ae8f2dc12dc9,"This UPSTREAM_OF relationship is a temporal/geographic candidate association, not proven causation or a weather forecast."
India,in_amritsar,pk_sukkur,Rainfall->Rainfall,6,1,7,3.166667,2.5,rainfall_17114603e7be,rainfall_9379216ac6a1,"This UPSTREAM_OF relationship is a temporal/geographic candidate association, not proven causation or a weather forecast."
Afghanistan,af_jalalabad,pk_peshawar,Rainfall->Rainfall,6,2,10,5.5,4.5,rainfall_8a9ab3907a19,rainfall_a62ad59f468c,"This UPSTREAM_OF relationship is a temporal/geographic candidate association, not proven causation or a weather forecast."
Afghanistan,af_kandahar,pk_quetta,Rainfall->Rainfall,6,1,6,4.666667,5.5,rainfall_ce5562d2e131,rainfall_abfe8f658d7a,"This UPSTREAM_OF relationship is a temporal/geographic candidate association, not proven causation or a weather forecast."
Afghanistan,af_kabul,pk_peshawar,Temperature->Heatwave,6,2,9,5.833333,6.0,temperature_594ebae83506,heatwave_4a11285cce4d,"This UPSTREAM_OF relationship is a temporal/geographic candidate association, not proven causation or a weather forecast."
Afghanistan,af_herat,pk_islamabad,Wind->Wind,5,1,2,1.4,1.0,wind_008b05411b17,wind_038cc9e0d536,"This UPSTREAM_OF relationship is a temporal/geographic candidate association, not proven causation or a weather forecast."
Afghanistan,af_jalalabad,pk_multan,Wind->Wind,5,1,3,1.8,1.0,wind_2843e0253bc3,wind_2ac3f0cbdbeb,"This UPSTREAM_OF relationship is a temporal/geographic candidate association, not proven causation or a weather forecast."
Afghanistan,af_jalalabad,pk_sukkur,Wind->Wind,5,1,1,1.0,1.0,wind_273231c7995c,wind_e8ff2ee49431,"This UPSTREAM_OF relationship is a temporal/geographic candidate association, not proven causation or a weather forecast."
Afghanistan,af_kabul,pk_multan,Temperature->Temperature,5,1,3,1.4,1.0,temperature_13aa441482b2,temperature_b37b9867e629,"This UPSTREAM_OF relationship is a temporal/geographic candidate association, not proven causation or a weather forecast."
Afghanistan,af_kabul,pk_multan,Wind->Wind,5,1,4,1.6,1.0,wind_1ad695e6b568,wind_4691726ec536,"This UPSTREAM_OF relationship is a temporal/geographic candidate association, not proven causation or a weather forecast."
Afghanistan,af_kandahar,pk_sukkur,Wind->Wind,5,1,3,1.6,1.0,wind_3a02c09f38cd,wind_1f40fd2b33a1,"This UPSTREAM_OF relationship is a temporal/geographic candidate association, not proven causation or a weather forecast."
China,cn_kashgar,pk_multan,Wind->Wind,5,1,5,2.0,1.0,wind_3bf4cc70aa64,wind_f6d2e71b2f77,"This UPSTREAM_OF relationship is a temporal/geographic candidate association, not proven causation or a weather forecast."
India,in_amritsar,pk_lahore,Rainfall->Flood,5,1,2,1.2,1.0,rainfall_43aedd65f4ed,flood_716fee2b6dae,"This UPSTREAM_OF relationship is a temporal/geographic candidate association, not proven causation or a weather forecast."
India,in_new_delhi,pk_sukkur,Heatwave->Temperature,5,1,3,1.8,1.0,heatwave_0beb2b4369b5,temperature_9753bf16a3cc,"This UPSTREAM_OF relationship is a temporal/geographic candidate association, not proven causation or a weather forecast."
India,in_new_delhi,pk_sukkur,Temperature->Temperature,5,1,2,1.2,1.0,temperature_1f152f35aa46,temperature_9c1b24faa6e4,"This UPSTREAM_OF relationship is a temporal/geographic candidate association, not proven causation or a weather forecast."
India,in_srinagar,pk_islamabad,Temperature->Temperature,5,1,3,1.6,1.0,temperature_1610596f2916,temperature_df5aaf729161,"This UPSTREAM_OF relationship is a temporal/geographic candidate association, not proven causation or a weather forecast."
Iran,ir_kerman,pk_islamabad,Wind->Wind,5,1,3,1.6,1.0,wind_3cdad694c122,wind_d6efb6b2437d,"This UPSTREAM_OF relationship is a temporal/geographic candidate association, not proven causation or a weather forecast."
Afghanistan,af_herat,pk_islamabad,Rainfall->Rainfall,5,1,4,2.4,2.0,rainfall_3ab8555e02bf,rainfall_a2406935ad91,"This UPSTREAM_OF relationship is a temporal/geographic candidate association, not proven causation or a weather forecast."
Afghanistan,af_herat,pk_quetta,Rainfall->Rainfall,5,1,7,2.6,2.0,rainfall_61e7f643f2bb,rainfall_e58939187168,"This UPSTREAM_OF relationship is a temporal/geographic candidate association, not proven causation or a weather forecast."
Afghanistan,af_kabul,pk_sukkur,Temperature->Temperature,5,1,2,1.6,2.0,temperature_156edec5c872,temperature_0717e440e184,"This UPSTREAM_OF relationship is a temporal/geographic candidate association, not proven causation or a weather forecast."
Afghanistan,af_kandahar,pk_islamabad,Temperature->Temperature,5,1,6,2.4,2.0,temperature_a9fcf979ba06,temperature_27b5f88182b0,"This UPSTREAM_OF relationship is a temporal/geographic candidate association, not proven causation or a weather forecast."
China,cn_urumqi,pk_sukkur,Wind->Wind,5,1,2,1.6,2.0,wind_26cceaf6d5b7,wind_9740f3035ca2,"This UPSTREAM_OF relationship is a temporal/geographic candidate association, not proven causation or a weather forecast."
India,in_amritsar,pk_sukkur,Wind->Wind,5,1,4,2.0,2.0,wind_617ca2b5bb43,wind_f7e009c3f1db,"This UPSTREAM_OF relationship is a temporal/geographic candidate association, not proven causation or a weather forecast."
India,in_jaipur,pk_lahore,Temperature->Heatwave,5,1,7,2.8,2.0,temperature_875f63c96959,heatwave_04d49e0e6326,"This UPSTREAM_OF relationship is a temporal/geographic candidate association, not proven causation or a weather forecast."
India,in_jaipur,pk_sukkur,Wind->Wind,5,1,7,2.6,2.0,wind_5dfb789ba0d7,wind_36dea347178f,"This UPSTREAM_OF relationship is a temporal/geographic candidate association, not proven causation or a weather forecast."
Iran,ir_mashhad,pk_islamabad,Wind->Wind,5,1,3,2.0,2.0,wind_77a32b4e4b27,wind_cfa17663ed12,"This UPSTREAM_OF relationship is a temporal/geographic candidate association, not proven causation or a weather forecast."
Iran,ir_zahedan,pk_sukkur,Temperature->Temperature,5,1,3,1.8,2.0,temperature_0bd5eed12d54,temperature_c955425835a8,"This UPSTREAM_OF relationship is a temporal/geographic candidate association, not proven causation or a weather forecast."
Iran,ir_zahedan,pk_sukkur,Wind->Wind,5,1,4,2.4,2.0,wind_36c6ff04f564,wind_361b746b8ecd,"This UPSTREAM_OF relationship is a temporal/geographic candidate association, not proven causation or a weather forecast."
India,in_jaipur,pk_lahore,Heatwave->Temperature,5,1,10,3.8,3.0,heatwave_5851cb798dd0,temperature_c84a2a5a92e9,"This UPSTREAM_OF relationship is a temporal/geographic candidate association, not proven causation or a weather forecast."
India,in_jaipur,pk_lahore,Wind->Storm,5,2,6,3.6,3.0,wind_055aee74748b,storm_9a2b61473245,"This UPSTREAM_OF relationship is a temporal/geographic candidate association, not proven causation or a weather forecast."
Iran,ir_kerman,pk_quetta,Heatwave->Temperature,5,1,8,4.0,4.0,heatwave_9eefb100d333,temperature_4948e613e360,"This UPSTREAM_OF relationship is a temporal/geographic candidate association, not proven causation or a weather forecast."
Afghanistan,af_kabul,pk_peshawar,Heatwave->Temperature,5,3,10,5.2,5.0,heatwave_1e7511b99e01,temperature_a22140948d4c,"This UPSTREAM_OF relationship is a temporal/geographic candidate association, not proven causation or a weather forecast."
China,cn_hotan,pk_sukkur,Wind->Wind,4,1,3,1.5,1.0,wind_2e010e8e6920,wind_51e9fa2acb59,"This UPSTREAM_OF relationship is a temporal/geographic candidate association, not proven causation or a weather forecast."
India,in_new_delhi,pk_multan,Heatwave->Temperature,4,1,3,1.5,1.0,heatwave_25bf41c6bd41,temperature_1dac0c55b320,"This UPSTREAM_OF relationship is a temporal/geographic candidate association, not proven causation or a weather forecast."
Iran,ir_kerman,pk_multan,Temperature->Heatwave,4,1,1,1.0,1.0,temperature_08f1c67f088e,heatwave_456bdfcae458,"This UPSTREAM_OF relationship is a temporal/geographic candidate association, not proven causation or a weather forecast."
Iran,ir_zahedan,pk_islamabad,Temperature->Temperature,4,1,6,2.25,1.0,temperature_0c05261cde56,temperature_d01c16e241fa,"This UPSTREAM_OF relationship is a temporal/geographic candidate association, not proven causation or a weather forecast."
Afghanistan,af_herat,pk_sukkur,Wind->Wind,4,1,5,2.25,1.5,wind_1112a0f7c7f3,wind_c1e23a7e7e88,"This UPSTREAM_OF relationship is a temporal/geographic candidate association, not proven causation or a weather forecast."
India,in_amritsar,pk_islamabad,Wind->Wind,4,1,3,1.75,1.5,wind_3830e5416a94,wind_7854670ff969,"This UPSTREAM_OF relationship is a temporal/geographic candidate association, not proven causation or a weather forecast."
Iran,ir_zahedan,pk_multan,Wind->Wind,4,1,5,2.25,1.5,wind_1620b33f51d0,wind_bf7453bf86b5,"This UPSTREAM_OF relationship is a temporal/geographic candidate association, not proven causation or a weather forecast."
Iran,ir_zahedan,pk_islamabad,Wind->Wind,4,1,2,1.75,2.0,wind_af0989e5e9c0,wind_1bac5ba5d0d4,"This UPSTREAM_OF relationship is a temporal/geographic candidate association, not proven causation or a weather forecast."
Afghanistan,af_kabul,pk_peshawar,Rainfall->Rainfall,4,1,9,3.75,2.5,rainfall_b398b30342f8,rainfall_8c7e2c8aae49,"This UPSTREAM_OF relationship is a temporal/geographic candidate association, not proven causation or a weather forecast."
India,in_jaipur,pk_islamabad,Rainfall->Flood,4,1,6,3.0,2.5,rainfall_35cf1804d512,flood_76742fec1e2e,"This UPSTREAM_OF relationship is a temporal/geographic candidate association, not proven causation or a weather forecast."
India,in_new_delhi,pk_lahore,Rainfall->Flood,4,1,6,3.0,2.5,rainfall_6bc1346d1b06,flood_b194f43dc137,"This UPSTREAM_OF relationship is a temporal/geographic candidate association, not proven causation or a weather forecast."
Afghanistan,af_jalalabad,pk_peshawar,Temperature->Heatwave,4,1,5,3.0,3.0,temperature_0efffac6abcf,heatwave_06514c439bc3,"This UPSTREAM_OF relationship is a temporal/geographic candidate association, not proven causation or a weather forecast."
Afghanistan,af_kandahar,pk_quetta,Heatwave->Temperature,4,2,6,3.5,3.0,heatwave_6081d2002f43,temperature_2ffc5506ea88,"This UPSTREAM_OF relationship is a temporal/geographic candidate association, not proven causation or a weather forecast."
India,in_srinagar,pk_gilgit,Heatwave->Temperature,4,3,8,4.75,4.0,heatwave_843e6de90265,temperature_7279d9caa994,"This UPSTREAM_OF relationship is a temporal/geographic candidate association, not proven causation or a weather forecast."
Iran,ir_kerman,pk_quetta,Rainfall->Rainfall,4,1,10,5.0,4.5,rainfall_3819767a13d7,rainfall_6eee71c7ae74,"This UPSTREAM_OF relationship is a temporal/geographic candidate association, not proven causation or a weather forecast."
Iran,ir_mashhad,pk_quetta,Temperature->Heatwave,4,1,6,4.0,4.5,temperature_e5ca19dc4f06,heatwave_7aa842103794,"This UPSTREAM_OF relationship is a temporal/geographic candidate association, not proven causation or a weather forecast."
Iran,ir_zahedan,pk_quetta,Heatwave->Temperature,4,4,8,5.5,5.0,heatwave_87800acb8d70,temperature_45ee6b67c0bf,"This UPSTREAM_OF relationship is a temporal/geographic candidate association, not proven causation or a weather forecast."
Afghanistan,af_jalalabad,pk_peshawar,Heatwave->Heatwave,4,4,10,7.25,7.5,heatwave_47ae6e597f37,heatwave_c5b36d275fcf,"This UPSTREAM_OF relationship is a temporal/geographic candidate association, not proven causation or a weather forecast."
Afghanistan,af_herat,pk_quetta,Flood->Flood,3,1,7,3.0,1.0,flood_0240e7d07c44,flood_7fbc8e489b7c,"This UPSTREAM_OF relationship is a temporal/geographic candidate association, not proven causation or a weather forecast."
Afghanistan,af_jalalabad,pk_sukkur,Temperature->Heatwave,3,1,2,1.333333,1.0,temperature_0efffac6abcf,heatwave_345ac15c73dd,"This UPSTREAM_OF relationship is a temporal/geographic candidate association, not proven causation or a weather forecast."
Afghanistan,af_kabul,pk_islamabad,Rainfall->Rainfall,3,1,1,1.0,1.0,rainfall_0db89d3897a2,rainfall_3bc53963dcf7,"This UPSTREAM_OF relationship is a temporal/geographic candidate association, not proven causation or a weather forecast."
Afghanistan,af_kabul,pk_sukkur,Wind->Wind,3,1,1,1.0,1.0,wind_165cb5bb444d,wind_2292c595b8c4,"This UPSTREAM_OF relationship is a temporal/geographic candidate association, not proven causation or a weather forecast."
Afghanistan,af_kandahar,pk_islamabad,Rainfall->Storm,3,1,2,1.333333,1.0,rainfall_6a819e676039,storm_b1599e53279a,"This UPSTREAM_OF relationship is a temporal/geographic candidate association, not proven causation or a weather forecast."
Afghanistan,af_kandahar,pk_islamabad,Wind->Storm,3,1,2,1.333333,1.0,wind_7f5c7d2643fb,storm_12135f7fb82d,"This UPSTREAM_OF relationship is a temporal/geographic candidate association, not proven causation or a weather forecast."
Afghanistan,af_kandahar,pk_multan,Wind->Wind,3,1,2,1.333333,1.0,wind_69a176fed191,wind_7eba62ff5dda,"This UPSTREAM_OF relationship is a temporal/geographic candidate association, not proven causation or a weather forecast."
China,cn_kashgar,pk_gilgit,Wind->Storm,3,1,10,4.0,1.0,wind_ade2870b2158,storm_18437ee17801,"This UPSTREAM_OF relationship is a temporal/geographic candidate association, not proven causation or a weather forecast."
China,cn_kashgar,pk_multan,Temperature->Heatwave,3,1,2,1.333333,1.0,temperature_06f071e7099e,heatwave_6426429cf820,"This UPSTREAM_OF relationship is a temporal/geographic candidate association, not proven causation or a weather forecast."
China,cn_kashgar,pk_sukkur,Rainfall->Rainfall,3,1,1,1.0,1.0,rainfall_17659ea9fd67,rainfall_0ecb79145152,"This UPSTREAM_OF relationship is a temporal/geographic candidate association, not proven causation or a weather forecast."
Iran,ir_mashhad,pk_islamabad,Temperature->Heatwave,3,1,1,1.0,1.0,temperature_4112acfbdf2c,heatwave_09c225cf691c,"This UPSTREAM_OF relationship is a temporal/geographic candidate association, not proven causation or a weather forecast."
Iran,ir_zahedan,pk_quetta,Rainfall->Rainfall,3,1,1,1.0,1.0,rainfall_305c53189e12,rainfall_6202b52da1f9,"This UPSTREAM_OF relationship is a temporal/geographic candidate association, not proven causation or a weather forecast."
Afghanistan,af_herat,pk_quetta,Heatwave->Heatwave,3,1,2,1.666667,2.0,heatwave_3e12e016aab2,heatwave_e046c83cc7fe,"This UPSTREAM_OF relationship is a temporal/geographic candidate association, not proven causation or a weather forecast."
Afghanistan,af_kabul,pk_peshawar,Flood->Flood,3,1,3,2.0,2.0,flood_c93c4152a033,flood_2e2b615826be,"This UPSTREAM_OF relationship is a temporal/geographic candidate association, not proven causation or a weather forecast."
Afghanistan,af_kandahar,pk_quetta,Rainfall->Flood,3,1,2,1.666667,2.0,rainfall_8a034f8614f8,flood_6b3dd500acf5,"This UPSTREAM_OF relationship is a temporal/geographic candidate association, not proven causation or a weather forecast."
China,cn_kashgar,pk_islamabad,Wind->Wind,3,2,6,3.333333,2.0,wind_0ac4c7c9c85e,wind_2d82461a8084,"This UPSTREAM_OF relationship is a temporal/geographic candidate association, not proven causation or a weather forecast."
China,cn_urumqi,pk_gilgit,Temperature->Heatwave,3,2,3,2.333333,2.0,temperature_30b061eee12e,heatwave_8251c9c96ef2,"This UPSTREAM_OF relationship is a temporal/geographic candidate association, not proven causation or a weather forecast."
India,in_amritsar,pk_multan,Wind->Wind,3,2,4,2.666667,2.0,wind_46e11ed90d97,wind_a0e5f0875e19,"This UPSTREAM_OF relationship is a temporal/geographic candidate association, not proven causation or a weather forecast."
India,in_new_delhi,pk_islamabad,Wind->Wind,3,2,5,3.0,2.0,wind_6830f9c21380,wind_2973276827d8,"This UPSTREAM_OF relationship is a temporal/geographic candidate association, not proven causation or a weather forecast."
India,in_srinagar,pk_gilgit,Rainfall->Flood,3,2,4,2.666667,2.0,rainfall_372c665b7e4f,flood_582ccbc0702a,"This UPSTREAM_OF relationship is a temporal/geographic candidate association, not proven causation or a weather forecast."
India,in_srinagar,pk_sukkur,Rainfall->Rainfall,3,1,5,2.666667,2.0,rainfall_4a7b9535210f,rainfall_76f434eeee40,"This UPSTREAM_OF relationship is a temporal/geographic candidate association, not proven causation or a weather forecast."
China,cn_hotan,pk_multan,Heatwave->Temperature,3,2,5,3.333333,3.0,heatwave_73579fecea96,temperature_e985b692dc4e,"This UPSTREAM_OF relationship is a temporal/geographic candidate association, not proven causation or a weather forecast."
India,in_amritsar,pk_lahore,Wind->Storm,3,1,5,3.333333,4.0,wind_600b40b118dd,storm_cff04b256002,"This UPSTREAM_OF relationship is a temporal/geographic candidate association, not proven causation or a weather forecast."
Afghanistan,af_kandahar,pk_quetta,Temperature->Heatwave,3,2,8,5.0,5.0,temperature_6e198ed52160,heatwave_dac12554bd9c,"This UPSTREAM_OF relationship is a temporal/geographic candidate association, not proven causation or a weather forecast."
China,cn_hotan,pk_gilgit,Wind->Storm,3,1,9,5.0,5.0,wind_063a3f3d1449,storm_7c06522f4e19,"This UPSTREAM_OF relationship is a temporal/geographic candidate association, not proven causation or a weather forecast."
China,cn_hotan,pk_islamabad,Wind->Wind,3,3,9,5.666667,5.0,wind_4f1b233399f8,wind_977b3edd1a7a,"This UPSTREAM_OF relationship is a temporal/geographic candidate association, not proven causation or a weather forecast."
India,in_new_delhi,pk_lahore,Heatwave->Temperature,3,4,8,5.666667,5.0,heatwave_9caff459e6f9,temperature_62c290583615,"This UPSTREAM_OF relationship is a temporal/geographic candidate association, not proven causation or a weather forecast."
India,in_jaipur,pk_multan,Rainfall->Rainfall,3,1,8,5.0,6.0,rainfall_ee11a488c233,rainfall_813148365551,"This UPSTREAM_OF relationship is a temporal/geographic candidate association, not proven causation or a weather forecast."
India,in_srinagar,pk_gilgit,Rainfall->Storm,3,1,10,6.0,7.0,rainfall_3b7ad45336bf,storm_a23624e76319,"This UPSTREAM_OF relationship is a temporal/geographic candidate association, not proven causation or a weather forecast."
China,cn_kashgar,pk_gilgit,Rainfall->Rainfall,3,1,10,6.333333,8.0,rainfall_411a5fd81f6b,rainfall_b87ae06ddeec,"This UPSTREAM_OF relationship is a temporal/geographic candidate association, not proven causation or a weather forecast."
Afghanistan,af_jalalabad,pk_islamabad,Heatwave->Temperature,2,1,1,1.0,1.0,heatwave_072147de9eda,temperature_56381a386a2f,"This UPSTREAM_OF relationship is a temporal/geographic candidate association, not proven causation or a weather forecast."
Afghanistan,af_jalalabad,pk_islamabad,Rainfall->Flood,2,1,1,1.0,1.0,rainfall_00566a400cff,flood_1114e7b99006,"This UPSTREAM_OF relationship is a temporal/geographic candidate association, not proven causation or a weather forecast."
Afghanistan,af_kabul,pk_sukkur,Temperature->Heatwave,2,1,1,1.0,1.0,temperature_07dc094b37da,heatwave_4446b5c9d53a,"This UPSTREAM_OF relationship is a temporal/geographic candidate association, not proven causation or a weather forecast."
Afghanistan,af_kandahar,pk_multan,Heatwave->Temperature,2,1,1,1.0,1.0,heatwave_1f836350530a,temperature_ca99ac080465,"This UPSTREAM_OF relationship is a temporal/geographic candidate association, not proven causation or a weather forecast."
Afghanistan,af_kandahar,pk_sukkur,Heatwave->Temperature,2,1,1,1.0,1.0,heatwave_1f836350530a,temperature_67e38c5d95c1,"This UPSTREAM_OF relationship is a temporal/geographic candidate association, not proven causation or a weather forecast."
India,in_amritsar,pk_islamabad,Wind->Storm,2,1,1,1.0,1.0,wind_3830e5416a94,storm_dde365149975,"This UPSTREAM_OF relationship is a temporal/geographic candidate association, not proven causation or a weather forecast."
India,in_amritsar,pk_lahore,Temperature->Heatwave,2,1,1,1.0,1.0,temperature_70e92179831d,heatwave_b56e395af908,"This UPSTREAM_OF relationship is a temporal/geographic candidate association, not proven causation or a weather forecast."
India,in_jaipur,pk_islamabad,Wind->Storm,2,1,1,1.0,1.0,wind_055aee74748b,storm_86753f7b89b0,"This UPSTREAM_OF relationship is a temporal/geographic candidate association, not proven causation or a weather forecast."
India,in_jaipur,pk_multan,Heatwave->Temperature,2,1,1,1.0,1.0,heatwave_0c5e98f83d3f,temperature_57f3c62922a4,"This UPSTREAM_OF relationship is a temporal/geographic candidate association, not proven causation or a weather forecast."
India,in_jaipur,pk_sukkur,Heatwave->Temperature,2,1,1,1.0,1.0,heatwave_4b9fe66fd3f8,temperature_06f34ebd2445,"This UPSTREAM_OF relationship is a temporal/geographic candidate association, not proven causation or a weather forecast."
India,in_new_delhi,pk_islamabad,Temperature->Heatwave,2,1,1,1.0,1.0,temperature_3913af1c203a,heatwave_479ddff7d5cf,"This UPSTREAM_OF relationship is a temporal/geographic candidate association, not proven causation or a weather forecast."
India,in_new_delhi,pk_lahore,Temperature->Heatwave,2,1,1,1.0,1.0,temperature_a05ed3d8187b,heatwave_36cf7a8ae594,"This UPSTREAM_OF relationship is a temporal/geographic candidate association, not proven causation or a weather forecast."
India,in_new_delhi,pk_multan,Temperature->Heatwave,2,1,1,1.0,1.0,temperature_3913af1c203a,heatwave_55a8b4a58a63,"This UPSTREAM_OF relationship is a temporal/geographic candidate association, not proven causation or a weather forecast."
India,in_srinagar,pk_sukkur,Temperature->Heatwave,2,1,1,1.0,1.0,temperature_15e584a4239c,heatwave_e7d7ad1a51ee,"This UPSTREAM_OF relationship is a temporal/geographic candidate association, not proven causation or a weather forecast."
Iran,ir_mashhad,pk_multan,Temperature->Heatwave,2,1,1,1.0,1.0,temperature_06ae57398a21,heatwave_5b71277721d3,"This UPSTREAM_OF relationship is a temporal/geographic candidate association, not proven causation or a weather forecast."
Iran,ir_zahedan,pk_quetta,Temperature->Heatwave,2,1,1,1.0,1.0,temperature_2662f74a16b3,heatwave_f2c0abda8323,"This UPSTREAM_OF relationship is a temporal/geographic candidate association, not proven causation or a weather forecast."
Afghanistan,af_herat,pk_multan,Temperature->Heatwave,2,1,2,1.5,1.5,temperature_240a144ba9f3,heatwave_fbdafc7b674c,"This UPSTREAM_OF relationship is a temporal/geographic candidate association, not proven causation or a weather forecast."
Afghanistan,af_herat,pk_multan,Wind->Wind,2,1,2,1.5,1.5,wind_ace040cd9bc8,wind_5fb83b3692e1,"This UPSTREAM_OF relationship is a temporal/geographic candidate association, not proven causation or a weather forecast."
Afghanistan,af_herat,pk_quetta,Heatwave->Temperature,2,1,2,1.5,1.5,heatwave_1eb19dc90bd1,temperature_987eb8ee2238,"This UPSTREAM_OF relationship is a temporal/geographic candidate association, not proven causation or a weather forecast."
China,cn_hotan,pk_islamabad,Heatwave->Temperature,2,1,2,1.5,1.5,heatwave_b6f8a916465c,temperature_f615c8c251e6,"This UPSTREAM_OF relationship is a temporal/geographic candidate association, not proven causation or a weather forecast."
China,cn_kashgar,pk_sukkur,Rainfall->Flood,2,1,2,1.5,1.5,rainfall_17659ea9fd67,flood_7653d55b9eab,"This UPSTREAM_OF relationship is a temporal/geographic candidate association, not proven causation or a weather forecast."
India,in_amritsar,pk_lahore,Rainfall->Storm,2,1,2,1.5,1.5,rainfall_c33741dd96ce,storm_2b87e78fb96b,"This UPSTREAM_OF relationship is a temporal/geographic candidate association, not proven causation or a weather forecast."
India,in_jaipur,pk_sukkur,Temperature->Heatwave,2,1,2,1.5,1.5,temperature_875f63c96959,heatwave_8c2308a91d11,"This UPSTREAM_OF relationship is a temporal/geographic candidate association, not proven causation or a weather forecast."
Iran,ir_mashhad,pk_islamabad,Heatwave->Temperature,2,1,2,1.5,1.5,heatwave_9f7eca083f63,temperature_7eb77e470947,"This UPSTREAM_OF relationship is a temporal/geographic candidate association, not proven causation or a weather forecast."
Iran,ir_mashhad,pk_quetta,Heatwave->Temperature,2,1,2,1.5,1.5,heatwave_081b97c9e421,temperature_266575cb6a0e,"This UPSTREAM_OF relationship is a temporal/geographic candidate association, not proven causation or a weather forecast."
Iran,ir_mashhad,pk_sukkur,Flood->Flood,2,1,2,1.5,1.5,flood_aa2d45e02c2c,flood_fc3c5970a617,"This UPSTREAM_OF relationship is a temporal/geographic candidate association, not proven causation or a weather forecast."
Iran,ir_zahedan,pk_sukkur,Temperature->Heatwave,2,1,2,1.5,1.5,temperature_c0dda8310cf0,heatwave_5b8740235e66,"This UPSTREAM_OF relationship is a temporal/geographic candidate association, not proven causation or a weather forecast."
Afghanistan,af_herat,pk_islamabad,Temperature->Heatwave,2,2,2,2.0,2.0,temperature_2cc18dce8505,heatwave_349e222206a4,"This UPSTREAM_OF relationship is a temporal/geographic candidate association, not proven causation or a weather forecast."
Afghanistan,af_herat,pk_quetta,Temperature->Heatwave,2,1,3,2.0,2.0,temperature_348b844e250a,heatwave_971f676d1420,"This UPSTREAM_OF relationship is a temporal/geographic candidate association, not proven causation or a weather forecast."
Afghanistan,af_kandahar,pk_quetta,Heatwave->Heatwave,2,2,2,2.0,2.0,heatwave_6081d2002f43,heatwave_db408d11917d,"This UPSTREAM_OF relationship is a temporal/geographic candidate association, not proven causation or a weather forecast."
China,cn_kashgar,pk_gilgit,Temperature->Heatwave,2,1,3,2.0,2.0,temperature_e06e283bd766,heatwave_095f044a1c1a,"This UPSTREAM_OF relationship is a temporal/geographic candidate association, not proven causation or a weather forecast."
China,cn_kashgar,pk_sukkur,Temperature->Heatwave,2,1,3,2.0,2.0,temperature_9d3090927750,heatwave_a42a39ef2ddc,"This UPSTREAM_OF relationship is a temporal/geographic candidate association, not proven causation or a weather forecast."
India,in_srinagar,pk_gilgit,Flood->Flood,2,1,3,2.0,2.0,flood_faffd43a23a0,flood_7a87495099ce,"This UPSTREAM_OF relationship is a temporal/geographic candidate association, not proven causation or a weather forecast."
Afghanistan,af_kandahar,pk_islamabad,Heatwave->Temperature,2,1,4,2.5,2.5,heatwave_889d6b1043a9,temperature_917b4aef40c6,"This UPSTREAM_OF relationship is a temporal/geographic candidate association, not proven causation or a weather forecast."
China,cn_kashgar,pk_islamabad,Rainfall->Rainfall,2,1,4,2.5,2.5,rainfall_829a8a22497f,rainfall_a1814044bdc8,"This UPSTREAM_OF relationship is a temporal/geographic candidate association, not proven causation or a weather forecast."
India,in_jaipur,pk_islamabad,Heatwave->Temperature,2,1,4,2.5,2.5,heatwave_5851cb798dd0,temperature_4fde0c0a178c,"This UPSTREAM_OF relationship is a temporal/geographic candidate association, not proven causation or a weather forecast."
India,in_jaipur,pk_lahore,Rainfall->Flood,2,2,3,2.5,2.5,rainfall_a0af3cb67db7,flood_be7ddbe14b1d,"This UPSTREAM_OF relationship is a temporal/geographic candidate association, not proven causation or a weather forecast."
India,in_jaipur,pk_sukkur,Rainfall->Rainfall,2,1,4,2.5,2.5,rainfall_ee11a488c233,rainfall_30fa9e9f3e89,"This UPSTREAM_OF relationship is a temporal/geographic candidate association, not proven causation or a weather forecast."
India,in_new_delhi,pk_sukkur,Rainfall->Rainfall,2,2,3,2.5,2.5,rainfall_204ddca78282,rainfall_53d74f32bf3e,"This UPSTREAM_OF relationship is a temporal/geographic candidate association, not proven causation or a weather forecast."
India,in_srinagar,pk_multan,Rainfall->Flood,2,2,3,2.5,2.5,rainfall_8b787d05d30a,flood_06cb669373b4,"This UPSTREAM_OF relationship is a temporal/geographic candidate association, not proven causation or a weather forecast."
Afghanistan,af_herat,pk_multan,Flood->Flood,2,1,5,3.0,3.0,flood_0240e7d07c44,flood_9636b0675a61,"This UPSTREAM_OF relationship is a temporal/geographic candidate association, not proven causation or a weather forecast."
China,cn_hotan,pk_islamabad,Temperature->Heatwave,2,2,4,3.0,3.0,temperature_ceeb99b84779,heatwave_ec483156b469,"This UPSTREAM_OF relationship is a temporal/geographic candidate association, not proven causation or a weather forecast."
India,in_amritsar,pk_sukkur,Rainfall->Flood,2,2,4,3.0,3.0,rainfall_81af3d12336d,flood_289c1ca0ac9e,"This UPSTREAM_OF relationship is a temporal/geographic candidate association, not proven causation or a weather forecast."
India,in_new_delhi,pk_islamabad,Rainfall->Storm,2,1,5,3.0,3.0,rainfall_83d24c9ad6c2,storm_fe6c8bd8fa19,"This UPSTREAM_OF relationship is a temporal/geographic candidate association, not proven causation or a weather forecast."
Iran,ir_kerman,pk_islamabad,Heatwave->Temperature,2,3,3,3.0,3.0,heatwave_65e8def0ffd1,temperature_b47c80ac9d69,"This UPSTREAM_OF relationship is a temporal/geographic candidate association, not proven causation or a weather forecast."
Iran,ir_mashhad,pk_quetta,Drought->Drought,2,2,4,3.0,3.0,drought_71f23b1a6858,drought_bea15b6d4c08,"This UPSTREAM_OF relationship is a temporal/geographic candidate association, not proven causation or a weather forecast."
Afghanistan,af_kandahar,pk_quetta,Wind->Storm,2,2,5,3.5,3.5,wind_2292f912394c,storm_f5795fee8423,"This UPSTREAM_OF relationship is a temporal/geographic candidate association, not proven causation or a weather forecast."
China,cn_urumqi,pk_gilgit,Heatwave->Temperature,2,2,5,3.5,3.5,heatwave_46d32b6f50a7,temperature_b724c9e49fd7,"This UPSTREAM_OF relationship is a temporal/geographic candidate association, not proven causation or a weather forecast."
India,in_jaipur,pk_lahore,Rainfall->Storm,2,1,6,3.5,3.5,rainfall_a83e61264d65,storm_d689d206aa61,"This UPSTREAM_OF relationship is a temporal/geographic candidate association, not proven causation or a weather forecast."
India,in_srinagar,pk_gilgit,Wind->Storm,2,1,6,3.5,3.5,wind_621352d1d788,storm_28195f32a6ea,"This UPSTREAM_OF relationship is a temporal/geographic candidate association, not proven causation or a weather forecast."
India,in_new_delhi,pk_lahore,Rainfall->Storm,2,4,4,4.0,4.0,rainfall_1047a21e819a,storm_767e5ee8b1d6,"This UPSTREAM_OF relationship is a temporal/geographic candidate association, not proven causation or a weather forecast."
Afghanistan,af_kabul,pk_peshawar,Wind->Storm,2,2,7,4.5,4.5,wind_1d3177034c98,storm_f2c0c85d4664,"This UPSTREAM_OF relationship is a temporal/geographic candidate association, not proven causation or a weather forecast."
India,in_new_delhi,pk_lahore,Heatwave->Heatwave,2,3,7,5.0,5.0,heatwave_dd9c22590173,heatwave_0473c7f66c5f,"This UPSTREAM_OF relationship is a temporal/geographic candidate association, not proven causation or a weather forecast."
China,cn_hotan,pk_gilgit,Flood->Flood,2,1,10,5.5,5.5,flood_b023f5f90b63,flood_118f4197e1f2,"This UPSTREAM_OF relationship is a temporal/geographic candidate association, not proven causation or a weather forecast."
India,in_srinagar,pk_islamabad,Heatwave->Temperature,2,3,8,5.5,5.5,heatwave_e890b80e25e3,temperature_4e8df4ff50bd,"This UPSTREAM_OF relationship is a temporal/geographic candidate association, not proven causation or a weather forecast."
Afghanistan,af_jalalabad,pk_peshawar,Drought->Drought,2,4,8,6.0,6.0,drought_7241f4e69459,drought_2365204c9a70,"This UPSTREAM_OF relationship is a temporal/geographic candidate association, not proven causation or a weather forecast."
China,cn_hotan,pk_gilgit,Temperature->Heatwave,2,5,7,6.0,6.0,temperature_76767c36bcd7,heatwave_1c7e903d9a54,"This UPSTREAM_OF relationship is a temporal/geographic candidate association, not proven causation or a weather forecast."
India,in_jaipur,pk_lahore,Heatwave->Heatwave,2,3,9,6.0,6.0,heatwave_a3439b96d40d,heatwave_f92aed9671ee,"This UPSTREAM_OF relationship is a temporal/geographic candidate association, not proven causation or a weather forecast."
India,in_srinagar,pk_gilgit,Temperature->Heatwave,2,2,10,6.0,6.0,temperature_a0976ee1723c,heatwave_ea970c76bc01,"This UPSTREAM_OF relationship is a temporal/geographic candidate association, not proven causation or a weather forecast."
India,in_jaipur,pk_multan,Drought->Drought,2,7,10,8.5,8.5,drought_f1af76b842df,drought_a71f17464f6e,"This UPSTREAM_OF relationship is a temporal/geographic candidate association, not proven causation or a weather forecast."
India,in_jaipur,pk_sukkur,Drought->Drought,2,7,10,8.5,8.5,drought_f1af76b842df,drought_6d4cb3ad7de1,"This UPSTREAM_OF relationship is a temporal/geographic candidate association, not proven causation or a weather forecast."
India,in_new_delhi,pk_multan,Rainfall->Rainfall,2,9,10,9.5,9.5,rainfall_08a09a28a247,rainfall_0ef25f5d3cef,"This UPSTREAM_OF relationship is a temporal/geographic candidate association, not proven causation or a weather forecast."
Afghanistan,af_herat,pk_islamabad,Heatwave->Heatwave,1,1,1,1.0,1.0,heatwave_fa9a0f27fabf,heatwave_7a553c970906,"This UPSTREAM_OF relationship is a temporal/geographic candidate association, not proven causation or a weather forecast."
Afghanistan,af_herat,pk_multan,Heatwave->Heatwave,1,1,1,1.0,1.0,heatwave_49d75b0231cb,heatwave_344ceabb3ef0,"This UPSTREAM_OF relationship is a temporal/geographic candidate association, not proven causation or a weather forecast."
Afghanistan,af_herat,pk_multan,Rainfall->Rainfall,1,1,1,1.0,1.0,rainfall_b435102e7322,rainfall_1f965fe513db,"This UPSTREAM_OF relationship is a temporal/geographic candidate association, not proven causation or a weather forecast."
Afghanistan,af_jalalabad,pk_islamabad,Temperature->Heatwave,1,1,1,1.0,1.0,temperature_0efffac6abcf,heatwave_eb93b77403ea,"This UPSTREAM_OF relationship is a temporal/geographic candidate association, not proven causation or a weather forecast."
Afghanistan,af_jalalabad,pk_multan,Temperature->Heatwave,1,1,1,1.0,1.0,temperature_0efffac6abcf,heatwave_f182cb2dd170,"This UPSTREAM_OF relationship is a temporal/geographic candidate association, not proven causation or a weather forecast."
Afghanistan,af_jalalabad,pk_peshawar,Rainfall->Flood,1,1,1,1.0,1.0,rainfall_4a7573800986,flood_d68602b74fa8,"This UPSTREAM_OF relationship is a temporal/geographic candidate association, not proven causation or a weather forecast."
Afghanistan,af_jalalabad,pk_sukkur,Heatwave->Temperature,1,1,1,1.0,1.0,heatwave_d234ea12006f,temperature_cfa3133bc44b,"This UPSTREAM_OF relationship is a temporal/geographic candidate association, not proven causation or a weather forecast."
Afghanistan,af_kabul,pk_islamabad,Drought->Drought,1,1,1,1.0,1.0,drought_d98943349488,drought_7f82bfbb26d4,"This UPSTREAM_OF relationship is a temporal/geographic candidate association, not proven causation or a weather forecast."
Afghanistan,af_kabul,pk_islamabad,Rainfall->Flood,1,1,1,1.0,1.0,rainfall_0afa2e8621ce,flood_8e1a478081f0,"This UPSTREAM_OF relationship is a temporal/geographic candidate association, not proven causation or a weather forecast."
Afghanistan,af_kabul,pk_islamabad,Rainfall->Storm,1,1,1,1.0,1.0,rainfall_acc202f99cb9,storm_2382cf172be6,"This UPSTREAM_OF relationship is a temporal/geographic candidate association, not proven causation or a weather forecast."
Afghanistan,af_kabul,pk_islamabad,Temperature->Heatwave,1,1,1,1.0,1.0,temperature_5f98d134e7ef,heatwave_bfbd447bf4e6,"This UPSTREAM_OF relationship is a temporal/geographic candidate association, not proven causation or a weather forecast."
Afghanistan,af_kabul,pk_multan,Rainfall->Flood,1,1,1,1.0,1.0,rainfall_7d132ca19cf9,flood_c7b94ed01b6a,"This UPSTREAM_OF relationship is a temporal/geographic candidate association, not proven causation or a weather forecast."
Afghanistan,af_kabul,pk_peshawar,Rainfall->Flood,1,1,1,1.0,1.0,rainfall_8e4549b57c75,flood_3e294ec3536e,"This UPSTREAM_OF relationship is a temporal/geographic candidate association, not proven causation or a weather forecast."
Afghanistan,af_kabul,pk_sukkur,Flood->Flood,1,1,1,1.0,1.0,flood_2e27d8a923ff,flood_d58f60774539,"This UPSTREAM_OF relationship is a temporal/geographic candidate association, not proven causation or a weather forecast."
Afghanistan,af_kandahar,pk_islamabad,Rainfall->Flood,1,1,1,1.0,1.0,rainfall_27acc07d4406,flood_bc488de29d68,"This UPSTREAM_OF relationship is a temporal/geographic candidate association, not proven causation or a weather forecast."
Afghanistan,af_kandahar,pk_sukkur,Rainfall->Flood,1,1,1,1.0,1.0,rainfall_42ce7c8e3820,flood_1ac1a66a0c3b,"This UPSTREAM_OF relationship is a temporal/geographic candidate association, not proven causation or a weather forecast."
Afghanistan,af_kandahar,pk_sukkur,Wind->Storm,1,1,1,1.0,1.0,wind_7f5c7d2643fb,storm_761a1d9de169,"This UPSTREAM_OF relationship is a temporal/geographic candidate association, not proven causation or a weather forecast."
China,cn_hotan,pk_gilgit,Rainfall->Rainfall,1,1,1,1.0,1.0,rainfall_12d87111e947,rainfall_87823f064f15,"This UPSTREAM_OF relationship is a temporal/geographic candidate association, not proven causation or a weather forecast."
China,cn_hotan,pk_islamabad,Rainfall->Rainfall,1,1,1,1.0,1.0,rainfall_12d87111e947,rainfall_e6c74ece4243,"This UPSTREAM_OF relationship is a temporal/geographic candidate association, not proven causation or a weather forecast."
China,cn_hotan,pk_islamabad,Rainfall->Storm,1,1,1,1.0,1.0,rainfall_12d87111e947,storm_a585e7abc878,"This UPSTREAM_OF relationship is a temporal/geographic candidate association, not proven causation or a weather forecast."
China,cn_hotan,pk_multan,Rainfall->Flood,1,1,1,1.0,1.0,rainfall_12d87111e947,flood_eefdf8f29744,"This UPSTREAM_OF relationship is a temporal/geographic candidate association, not proven causation or a weather forecast."
China,cn_kashgar,pk_gilgit,Rainfall->Flood,1,1,1,1.0,1.0,rainfall_829a8a22497f,flood_0b1d1c4948b1,"This UPSTREAM_OF relationship is a temporal/geographic candidate association, not proven causation or a weather forecast."
China,cn_kashgar,pk_islamabad,Drought->Drought,1,1,1,1.0,1.0,drought_3cb840662895,drought_94794c948aaa,"This UPSTREAM_OF relationship is a temporal/geographic candidate association, not proven causation or a weather forecast."
China,cn_kashgar,pk_islamabad,Flood->Flood,1,1,1,1.0,1.0,flood_91291af2750b,flood_1a255001ca1b,"This UPSTREAM_OF relationship is a temporal/geographic candidate association, not proven causation or a weather forecast."
China,cn_kashgar,pk_islamabad,Heatwave->Temperature,1,1,1,1.0,1.0,heatwave_d8795f105558,temperature_d783e1c3c63a,"This UPSTREAM_OF relationship is a temporal/geographic candidate association, not proven causation or a weather forecast."
China,cn_kashgar,pk_sukkur,Drought->Drought,1,1,1,1.0,1.0,drought_3cb840662895,drought_80cb65e531dc,"This UPSTREAM_OF relationship is a temporal/geographic candidate association, not proven causation or a weather forecast."
China,cn_kashgar,pk_sukkur,Rainfall->Storm,1,1,1,1.0,1.0,rainfall_946c0c7de41e,storm_e1f76c452d3a,"This UPSTREAM_OF relationship is a temporal/geographic candidate association, not proven causation or a weather forecast."
China,cn_urumqi,pk_islamabad,Wind->Storm,1,1,1,1.0,1.0,wind_82c8915a767c,storm_1d1156fc8cf1,"This UPSTREAM_OF relationship is a temporal/geographic candidate association, not proven causation or a weather forecast."
China,cn_urumqi,pk_multan,Wind->Storm,1,1,1,1.0,1.0,wind_25c08662e448,storm_f9a21774a266,"This UPSTREAM_OF relationship is a temporal/geographic candidate association, not proven causation or a weather forecast."
China,cn_urumqi,pk_sukkur,Temperature->Heatwave,1,1,1,1.0,1.0,temperature_3a2a5a6398a3,heatwave_afff4fa23835,"This UPSTREAM_OF relationship is a temporal/geographic candidate association, not proven causation or a weather forecast."
India,in_amritsar,pk_islamabad,Rainfall->Flood,1,1,1,1.0,1.0,rainfall_06002968f56d,flood_4cb63330700a,"This UPSTREAM_OF relationship is a temporal/geographic candidate association, not proven causation or a weather forecast."
India,in_amritsar,pk_multan,Wind->Storm,1,1,1,1.0,1.0,wind_46e11ed90d97,storm_9f3fd5d1db55,"This UPSTREAM_OF relationship is a temporal/geographic candidate association, not proven causation or a weather forecast."
India,in_amritsar,pk_sukkur,Heatwave->Temperature,1,1,1,1.0,1.0,heatwave_b38f1d30de05,temperature_edadd4b5b2d1,"This UPSTREAM_OF relationship is a temporal/geographic candidate association, not proven causation or a weather forecast."
India,in_jaipur,pk_multan,Rainfall->Flood,1,1,1,1.0,1.0,rainfall_ee11a488c233,flood_f05909256c84,"This UPSTREAM_OF relationship is a temporal/geographic candidate association, not proven causation or a weather forecast."
India,in_jaipur,pk_sukkur,Heatwave->Heatwave,1,1,1,1.0,1.0,heatwave_4b9fe66fd3f8,heatwave_c07e6be95f33,"This UPSTREAM_OF relationship is a temporal/geographic candidate association, not proven causation or a weather forecast."
India,in_jaipur,pk_sukkur,Rainfall->Storm,1,1,1,1.0,1.0,rainfall_ee11a488c233,storm_ec38b2fe088a,"This UPSTREAM_OF relationship is a temporal/geographic candidate association, not proven causation or a weather forecast."
India,in_new_delhi,pk_islamabad,Drought->Drought,1,1,1,1.0,1.0,drought_25e1e0099cd3,drought_6758c058b50b,"This UPSTREAM_OF relationship is a temporal/geographic candidate association, not proven causation or a weather forecast."
India,in_new_delhi,pk_islamabad,Flood->Flood,1,1,1,1.0,1.0,flood_65eab54937af,flood_54b49f458e91,"This UPSTREAM_OF relationship is a temporal/geographic candidate association, not proven causation or a weather forecast."
India,in_new_delhi,pk_multan,Drought->Drought,1,1,1,1.0,1.0,drought_25e1e0099cd3,drought_bbc6fdbae18a,"This UPSTREAM_OF relationship is a temporal/geographic candidate association, not proven causation or a weather forecast."
India,in_new_delhi,pk_multan,Wind->Storm,1,1,1,1.0,1.0,wind_00cac14ff915,storm_7a4f34a71bd4,"This UPSTREAM_OF relationship is a temporal/geographic candidate association, not proven causation or a weather forecast."
India,in_new_delhi,pk_sukkur,Drought->Drought,1,1,1,1.0,1.0,drought_8125230c069f,drought_a0a55840fd5c,"This UPSTREAM_OF relationship is a temporal/geographic candidate association, not proven causation or a weather forecast."
India,in_srinagar,pk_islamabad,Wind->Storm,1,1,1,1.0,1.0,wind_3b5f8444072e,storm_52604eb54354,"This UPSTREAM_OF relationship is a temporal/geographic candidate association, not proven causation or a weather forecast."
Iran,ir_kerman,pk_islamabad,Flood->Flood,1,1,1,1.0,1.0,flood_fb41510cb3ce,flood_ffd50110e64a,"This UPSTREAM_OF relationship is a temporal/geographic candidate association, not proven causation or a weather forecast."
Iran,ir_kerman,pk_islamabad,Wind->Storm,1,1,1,1.0,1.0,wind_4a41e3900cbe,storm_0ed2da23140f,"This UPSTREAM_OF relationship is a temporal/geographic candidate association, not proven causation or a weather forecast."
Iran,ir_kerman,pk_quetta,Rainfall->Storm,1,1,1,1.0,1.0,rainfall_f7de67b956a8,storm_22e460a42480,"This UPSTREAM_OF relationship is a temporal/geographic candidate association, not proven causation or a weather forecast."
Iran,ir_kerman,pk_sukkur,Heatwave->Heatwave,1,1,1,1.0,1.0,heatwave_653bc0f1911a,heatwave_df48b7c08113,"This UPSTREAM_OF relationship is a temporal/geographic candidate association, not proven causation or a weather forecast."
Iran,ir_mashhad,pk_islamabad,Flood->Flood,1,1,1,1.0,1.0,flood_aa2d45e02c2c,flood_47d92c6099f1,"This UPSTREAM_OF relationship is a temporal/geographic candidate association, not proven causation or a weather forecast."
Iran,ir_mashhad,pk_multan,Wind->Storm,1,1,1,1.0,1.0,wind_861b749c6931,storm_5b00c0b0cb2c,"This UPSTREAM_OF relationship is a temporal/geographic candidate association, not proven causation or a weather forecast."
Iran,ir_mashhad,pk_quetta,Heatwave->Heatwave,1,1,1,1.0,1.0,heatwave_081b97c9e421,heatwave_06b693207c29,"This UPSTREAM_OF relationship is a temporal/geographic candidate association, not proven causation or a weather forecast."
Iran,ir_mashhad,pk_sukkur,Heatwave->Heatwave,1,1,1,1.0,1.0,heatwave_f8f9eab9fa59,heatwave_dcb854d3fce5,"This UPSTREAM_OF relationship is a temporal/geographic candidate association, not proven causation or a weather forecast."
Iran,ir_zahedan,pk_islamabad,Heatwave->Temperature,1,1,1,1.0,1.0,heatwave_ab2c9e8f03ca,temperature_d7562e19798c,"This UPSTREAM_OF relationship is a temporal/geographic candidate association, not proven causation or a weather forecast."
Iran,ir_zahedan,pk_multan,Temperature->Heatwave,1,1,1,1.0,1.0,temperature_53014f6612f3,heatwave_fd3191ca2ec4,"This UPSTREAM_OF relationship is a temporal/geographic candidate association, not proven causation or a weather forecast."
Iran,ir_zahedan,pk_quetta,Rainfall->Storm,1,1,1,1.0,1.0,rainfall_f76dc678d187,storm_d2aab921468f,"This UPSTREAM_OF relationship is a temporal/geographic candidate association, not proven causation or a weather forecast."
Iran,ir_zahedan,pk_sukkur,Heatwave->Temperature,1,1,1,1.0,1.0,heatwave_a7d0347e3106,temperature_39dd3301166c,"This UPSTREAM_OF relationship is a temporal/geographic candidate association, not proven causation or a weather forecast."
Afghanistan,af_herat,pk_islamabad,Heatwave->Temperature,1,2,2,2.0,2.0,heatwave_fa9a0f27fabf,temperature_68e545e3a475,"This UPSTREAM_OF relationship is a temporal/geographic candidate association, not proven causation or a weather forecast."
Afghanistan,af_herat,pk_quetta,Rainfall->Flood,1,2,2,2.0,2.0,rainfall_61e7f643f2bb,flood_a0ca8e671617,"This UPSTREAM_OF relationship is a temporal/geographic candidate association, not proven causation or a weather forecast."
Afghanistan,af_herat,pk_sukkur,Temperature->Heatwave,1,2,2,2.0,2.0,temperature_02ad844b6bfa,heatwave_2f9d2f0f05f9,"This UPSTREAM_OF relationship is a temporal/geographic candidate association, not proven causation or a weather forecast."
Afghanistan,af_jalalabad,pk_peshawar,Rainfall->Storm,1,2,2,2.0,2.0,rainfall_8a9ab3907a19,storm_dd80b380aa37,"This UPSTREAM_OF relationship is a temporal/geographic candidate association, not proven causation or a weather forecast."
Afghanistan,af_jalalabad,pk_peshawar,Wind->Storm,1,2,2,2.0,2.0,wind_731a7195c1db,storm_1ad8f42e4429,"This UPSTREAM_OF relationship is a temporal/geographic candidate association, not proven causation or a weather forecast."
Afghanistan,af_kandahar,pk_islamabad,Flood->Flood,1,2,2,2.0,2.0,flood_15b74d36e70d,flood_20205f0bca65,"This UPSTREAM_OF relationship is a temporal/geographic candidate association, not proven causation or a weather forecast."
Afghanistan,af_kandahar,pk_multan,Rainfall->Rainfall,1,2,2,2.0,2.0,rainfall_34a64b76bfa7,rainfall_e9a180dd26e5,"This UPSTREAM_OF relationship is a temporal/geographic candidate association, not proven causation or a weather forecast."
Afghanistan,af_kandahar,pk_multan,Rainfall->Storm,1,2,2,2.0,2.0,rainfall_34a64b76bfa7,storm_a408efae141f,"This UPSTREAM_OF relationship is a temporal/geographic candidate association, not proven causation or a weather forecast."
Afghanistan,af_kandahar,pk_multan,Wind->Storm,1,2,2,2.0,2.0,wind_96864e4df390,storm_85f4ae71963c,"This UPSTREAM_OF relationship is a temporal/geographic candidate association, not proven causation or a weather forecast."
China,cn_hotan,pk_islamabad,Heatwave->Heatwave,1,2,2,2.0,2.0,heatwave_73579fecea96,heatwave_3e62415dd166,"This UPSTREAM_OF relationship is a temporal/geographic candidate association, not proven causation or a weather forecast."
China,cn_hotan,pk_multan,Flood->Flood,1,2,2,2.0,2.0,flood_609fb5bd91c5,flood_edfc7aed3123,"This UPSTREAM_OF relationship is a temporal/geographic candidate association, not proven causation or a weather forecast."
China,cn_hotan,pk_multan,Heatwave->Heatwave,1,2,2,2.0,2.0,heatwave_73579fecea96,heatwave_3cf4c6b8ca2d,"This UPSTREAM_OF relationship is a temporal/geographic candidate association, not proven causation or a weather forecast."
China,cn_hotan,pk_sukkur,Flood->Flood,1,2,2,2.0,2.0,flood_609fb5bd91c5,flood_6c7a96982b15,"This UPSTREAM_OF relationship is a temporal/geographic candidate association, not proven causation or a weather forecast."
China,cn_hotan,pk_sukkur,Heatwave->Heatwave,1,2,2,2.0,2.0,heatwave_73579fecea96,heatwave_86a8e3288991,"This UPSTREAM_OF relationship is a temporal/geographic candidate association, not proven causation or a weather forecast."
China,cn_kashgar,pk_gilgit,Drought->Drought,1,2,2,2.0,2.0,drought_ed057e7050c5,drought_654d95c21d18,"This UPSTREAM_OF relationship is a temporal/geographic candidate association, not proven causation or a weather forecast."
China,cn_kashgar,pk_gilgit,Heatwave->Temperature,1,2,2,2.0,2.0,heatwave_b0ae1b8afbf6,temperature_07dabb401eff,"This UPSTREAM_OF relationship is a temporal/geographic candidate association, not proven causation or a weather forecast."
China,cn_urumqi,pk_islamabad,Heatwave->Temperature,1,2,2,2.0,2.0,heatwave_46d32b6f50a7,temperature_5742b9e895e1,"This UPSTREAM_OF relationship is a temporal/geographic candidate association, not proven causation or a weather forecast."
China,cn_urumqi,pk_islamabad,Temperature->Heatwave,1,2,2,2.0,2.0,temperature_5e9ceddd90de,heatwave_06dddb4cc43c,"This UPSTREAM_OF relationship is a temporal/geographic candidate association, not proven causation or a weather forecast."
China,cn_urumqi,pk_multan,Temperature->Heatwave,1,2,2,2.0,2.0,temperature_15134da17498,heatwave_20da2d2ac47c,"This UPSTREAM_OF relationship is a temporal/geographic candidate association, not proven causation or a weather forecast."
India,in_amritsar,pk_islamabad,Heatwave->Temperature,1,2,2,2.0,2.0,heatwave_0f38c7e7986e,temperature_a09531de7c21,"This UPSTREAM_OF relationship is a temporal/geographic candidate association, not proven causation or a weather forecast."
India,in_amritsar,pk_lahore,Storm->Storm,1,2,2,2.0,2.0,storm_5ef4f618cad0,storm_7d53a4309019,"This UPSTREAM_OF relationship is a temporal/geographic candidate association, not proven causation or a weather forecast."
India,in_amritsar,pk_multan,Heatwave->Temperature,1,2,2,2.0,2.0,heatwave_0b14146013bd,temperature_3a055abc5c8d,"This UPSTREAM_OF relationship is a temporal/geographic candidate association, not proven causation or a weather forecast."
India,in_amritsar,pk_multan,Rainfall->Storm,1,2,2,2.0,2.0,rainfall_d9d186f01357,storm_b8a81d25a384,"This UPSTREAM_OF relationship is a temporal/geographic candidate association, not proven causation or a weather forecast."
India,in_jaipur,pk_islamabad,Temperature->Heatwave,1,2,2,2.0,2.0,temperature_e06fe1740cbb,heatwave_e6586ce8475d,"This UPSTREAM_OF relationship is a temporal/geographic candidate association, not proven causation or a weather forecast."
India,in_new_delhi,pk_lahore,Wind->Storm,1,2,2,2.0,2.0,wind_2c9db9f9f9ae,storm_d99ac94bf3f9,"This UPSTREAM_OF relationship is a temporal/geographic candidate association, not proven causation or a weather forecast."
India,in_new_delhi,pk_sukkur,Heatwave->Heatwave,1,2,2,2.0,2.0,heatwave_8fe84d7d6dc9,heatwave_afbb24b31d79,"This UPSTREAM_OF relationship is a temporal/geographic candidate association, not proven causation or a weather forecast."
Iran,ir_kerman,pk_multan,Heatwave->Temperature,1,2,2,2.0,2.0,heatwave_d8169a867702,temperature_15b88e4c635a,"This UPSTREAM_OF relationship is a temporal/geographic candidate association, not proven causation or a weather forecast."
Iran,ir_kerman,pk_quetta,Rainfall->Flood,1,2,2,2.0,2.0,rainfall_dfebf3718e50,flood_a0c046b32f85,"This UPSTREAM_OF relationship is a temporal/geographic candidate association, not proven causation or a weather forecast."
Iran,ir_mashhad,pk_sukkur,Heatwave->Temperature,1,2,2,2.0,2.0,heatwave_f8f9eab9fa59,temperature_a72b5d136613,"This UPSTREAM_OF relationship is a temporal/geographic candidate association, not proven causation or a weather forecast."
Iran,ir_zahedan,pk_islamabad,Rainfall->Rainfall,1,2,2,2.0,2.0,rainfall_60871159e8cf,rainfall_21bff82ea081,"This UPSTREAM_OF relationship is a temporal/geographic candidate association, not proven causation or a weather forecast."
Afghanistan,af_kandahar,pk_multan,Rainfall->Flood,1,3,3,3.0,3.0,rainfall_4f0651a203a1,flood_56229434b967,"This UPSTREAM_OF relationship is a temporal/geographic candidate association, not proven causation or a weather forecast."
China,cn_hotan,pk_multan,Temperature->Heatwave,1,3,3,3.0,3.0,temperature_50d53921c149,heatwave_ded5a652ad29,"This UPSTREAM_OF relationship is a temporal/geographic candidate association, not proven causation or a weather forecast."
China,cn_kashgar,pk_islamabad,Temperature->Heatwave,1,3,3,3.0,3.0,temperature_52b0b418aee9,heatwave_3c6a2be6050a,"This UPSTREAM_OF relationship is a temporal/geographic candidate association, not proven causation or a weather forecast."
China,cn_urumqi,pk_multan,Heatwave->Heatwave,1,3,3,3.0,3.0,heatwave_46d32b6f50a7,heatwave_136f78d6f0ee,"This UPSTREAM_OF relationship is a temporal/geographic candidate association, not proven causation or a weather forecast."
China,cn_urumqi,pk_multan,Heatwave->Temperature,1,3,3,3.0,3.0,heatwave_46d32b6f50a7,temperature_24dc8032254b,"This UPSTREAM_OF relationship is a temporal/geographic candidate association, not proven causation or a weather forecast."
India,in_amritsar,pk_lahore,Storm->Rainfall,1,3,3,3.0,3.0,storm_5ef4f618cad0,rainfall_4c5236403a13,"This UPSTREAM_OF relationship is a temporal/geographic candidate association, not proven causation or a weather forecast."
India,in_jaipur,pk_multan,Temperature->Heatwave,1,3,3,3.0,3.0,temperature_e361642dbe68,heatwave_45a00423d70e,"This UPSTREAM_OF relationship is a temporal/geographic candidate association, not proven causation or a weather forecast."
India,in_new_delhi,pk_islamabad,Heatwave->Heatwave,1,3,3,3.0,3.0,heatwave_dd9c22590173,heatwave_5d12e1173042,"This UPSTREAM_OF relationship is a temporal/geographic candidate association, not proven causation or a weather forecast."
India,in_new_delhi,pk_islamabad,Heatwave->Temperature,1,3,3,3.0,3.0,heatwave_dd9c22590173,temperature_3b2432514fe6,"This UPSTREAM_OF relationship is a temporal/geographic candidate association, not proven causation or a weather forecast."
India,in_srinagar,pk_gilgit,Heatwave->Heatwave,1,3,3,3.0,3.0,heatwave_0921c638c7f5,heatwave_d51b565c6f8d,"This UPSTREAM_OF relationship is a temporal/geographic candidate association, not proven causation or a weather forecast."
India,in_srinagar,pk_islamabad,Rainfall->Flood,1,3,3,3.0,3.0,rainfall_ac69569d1b38,flood_1834e7860b1e,"This UPSTREAM_OF relationship is a temporal/geographic candidate association, not proven causation or a weather forecast."
India,in_srinagar,pk_multan,Heatwave->Heatwave,1,3,3,3.0,3.0,heatwave_0921c638c7f5,heatwave_8dbfabf4d9e2,"This UPSTREAM_OF relationship is a temporal/geographic candidate association, not proven causation or a weather forecast."
Iran,ir_kerman,pk_islamabad,Temperature->Heatwave,1,3,3,3.0,3.0,temperature_856fa6573e17,heatwave_16736b92e7d4,"This UPSTREAM_OF relationship is a temporal/geographic candidate association, not proven causation or a weather forecast."
Iran,ir_mashhad,pk_islamabad,Wind->Storm,1,3,3,3.0,3.0,wind_ae2870b3f096,storm_6e3f455d28bd,"This UPSTREAM_OF relationship is a temporal/geographic candidate association, not proven causation or a weather forecast."
Iran,ir_mashhad,pk_multan,Heatwave->Temperature,1,3,3,3.0,3.0,heatwave_f8f9eab9fa59,temperature_6d0fddd7b82c,"This UPSTREAM_OF relationship is a temporal/geographic candidate association, not proven causation or a weather forecast."
Iran,ir_mashhad,pk_sukkur,Drought->Drought,1,3,3,3.0,3.0,drought_71f23b1a6858,drought_0d829f2fadbe,"This UPSTREAM_OF relationship is a temporal/geographic candidate association, not proven causation or a weather forecast."
Iran,ir_zahedan,pk_quetta,Wind->Storm,1,3,3,3.0,3.0,wind_2fa8f75fb0a4,storm_9558a2e716a8,"This UPSTREAM_OF relationship is a temporal/geographic candidate association, not proven causation or a weather forecast."
Afghanistan,af_jalalabad,pk_islamabad,Drought->Drought,1,4,4,4.0,4.0,drought_7241f4e69459,drought_1d008c29d46d,"This UPSTREAM_OF relationship is a temporal/geographic candidate association, not proven causation or a weather forecast."
Afghanistan,af_kabul,pk_multan,Flood->Flood,1,4,4,4.0,4.0,flood_fc056892176d,flood_977d93c3ba82,"This UPSTREAM_OF relationship is a temporal/geographic candidate association, not proven causation or a weather forecast."
India,in_amritsar,pk_lahore,Heatwave->Heatwave,1,4,4,4.0,4.0,heatwave_0f38c7e7986e,heatwave_2b58a5ebc172,"This UPSTREAM_OF relationship is a temporal/geographic candidate association, not proven causation or a weather forecast."
India,in_amritsar,pk_lahore,Heatwave->Temperature,1,4,4,4.0,4.0,heatwave_0f38c7e7986e,temperature_4860771b2261,"This UPSTREAM_OF relationship is a temporal/geographic candidate association, not proven causation or a weather forecast."
India,in_jaipur,pk_sukkur,Rainfall->Flood,1,4,4,4.0,4.0,rainfall_ee11a488c233,flood_9a262b1ce5e7,"This UPSTREAM_OF relationship is a temporal/geographic candidate association, not proven causation or a weather forecast."
India,in_srinagar,pk_gilgit,Drought->Drought,1,4,4,4.0,4.0,drought_54dd4939c4cc,drought_b85f60abcf08,"This UPSTREAM_OF relationship is a temporal/geographic candidate association, not proven causation or a weather forecast."
Iran,ir_mashhad,pk_islamabad,Drought->Drought,1,4,4,4.0,4.0,drought_0b22fa6bfcf5,drought_0de7dc68e608,"This UPSTREAM_OF relationship is a temporal/geographic candidate association, not proven causation or a weather forecast."
Iran,ir_mashhad,pk_multan,Drought->Drought,1,4,4,4.0,4.0,drought_0b22fa6bfcf5,drought_ecd12791d67a,"This UPSTREAM_OF relationship is a temporal/geographic candidate association, not proven causation or a weather forecast."
Iran,ir_mashhad,pk_sukkur,Wind->Storm,1,4,4,4.0,4.0,wind_7e7ba84b3b57,storm_763adb048e98,"This UPSTREAM_OF relationship is a temporal/geographic candidate association, not proven causation or a weather forecast."
Afghanistan,af_kabul,pk_islamabad,Heatwave->Temperature,1,5,5,5.0,5.0,heatwave_1a4a5bf62a51,temperature_afdbe45d7f03,"This UPSTREAM_OF relationship is a temporal/geographic candidate association, not proven causation or a weather forecast."
Afghanistan,af_kabul,pk_sukkur,Heatwave->Temperature,1,5,5,5.0,5.0,heatwave_1a4a5bf62a51,temperature_40e0e84b4c81,"This UPSTREAM_OF relationship is a temporal/geographic candidate association, not proven causation or a weather forecast."
Afghanistan,af_kandahar,pk_quetta,Flood->Flood,1,5,5,5.0,5.0,flood_8c89c5671ae7,flood_81512752ec19,"This UPSTREAM_OF relationship is a temporal/geographic candidate association, not proven causation or a weather forecast."
China,cn_hotan,pk_sukkur,Heatwave->Temperature,1,5,5,5.0,5.0,heatwave_b6b4731ca025,temperature_abbd4d5f2e0e,"This UPSTREAM_OF relationship is a temporal/geographic candidate association, not proven causation or a weather forecast."
China,cn_urumqi,pk_islamabad,Rainfall->Rainfall,1,5,5,5.0,5.0,rainfall_7b7437faa89c,rainfall_c04f4bc68511,"This UPSTREAM_OF relationship is a temporal/geographic candidate association, not proven causation or a weather forecast."
India,in_amritsar,pk_lahore,Flood->Flood,1,5,5,5.0,5.0,flood_c40e8f497df6,flood_91ef184007af,"This UPSTREAM_OF relationship is a temporal/geographic candidate association, not proven causation or a weather forecast."
India,in_amritsar,pk_multan,Flood->Flood,1,5,5,5.0,5.0,flood_eae18bd63004,flood_78570b0fdb46,"This UPSTREAM_OF relationship is a temporal/geographic candidate association, not proven causation or a weather forecast."
India,in_amritsar,pk_multan,Rainfall->Flood,1,5,5,5.0,5.0,rainfall_d5a0c9d6e18d,flood_f1270953db56,"This UPSTREAM_OF relationship is a temporal/geographic candidate association, not proven causation or a weather forecast."
India,in_srinagar,pk_gilgit,Storm->Rainfall,1,5,5,5.0,5.0,storm_8fadc9b7b469,rainfall_1ebe79bc84f3,"This UPSTREAM_OF relationship is a temporal/geographic candidate association, not proven causation or a weather forecast."
India,in_srinagar,pk_multan,Heatwave->Temperature,1,5,5,5.0,5.0,heatwave_49388a99b631,temperature_e9d2200bda2d,"This UPSTREAM_OF relationship is a temporal/geographic candidate association, not proven causation or a weather forecast."
Iran,ir_kerman,pk_multan,Rainfall->Rainfall,1,5,5,5.0,5.0,rainfall_d8f7c5057690,rainfall_92313891a772,"This UPSTREAM_OF relationship is a temporal/geographic candidate association, not proven causation or a weather forecast."
Iran,ir_mashhad,pk_islamabad,Rainfall->Rainfall,1,5,5,5.0,5.0,rainfall_dced4cd6cada,rainfall_dec8ceacc29f,"This UPSTREAM_OF relationship is a temporal/geographic candidate association, not proven causation or a weather forecast."
India,in_amritsar,pk_sukkur,Flood->Flood,1,6,6,6.0,6.0,flood_eae18bd63004,flood_45ad10eef600,"This UPSTREAM_OF relationship is a temporal/geographic candidate association, not proven causation or a weather forecast."
Iran,ir_kerman,pk_islamabad,Rainfall->Rainfall,1,6,6,6.0,6.0,rainfall_d8f7c5057690,rainfall_fc341e130798,"This UPSTREAM_OF relationship is a temporal/geographic candidate association, not proven causation or a weather forecast."
Iran,ir_kerman,pk_multan,Flood->Flood,1,6,6,6.0,6.0,flood_acf6519d7148,flood_52d9b2492181,"This UPSTREAM_OF relationship is a temporal/geographic candidate association, not proven causation or a weather forecast."
Iran,ir_kerman,pk_quetta,Temperature->Heatwave,1,6,6,6.0,6.0,temperature_3404f16a3a20,heatwave_684831b6de8b,"This UPSTREAM_OF relationship is a temporal/geographic candidate association, not proven causation or a weather forecast."
Afghanistan,af_herat,pk_sukkur,Drought->Drought,1,7,7,7.0,7.0,drought_f01f8df0ca48,drought_fb35e3a4db5b,"This UPSTREAM_OF relationship is a temporal/geographic candidate association, not proven causation or a weather forecast."
India,in_jaipur,pk_lahore,Drought->Drought,1,7,7,7.0,7.0,drought_f1af76b842df,drought_cfa21988aec0,"This UPSTREAM_OF relationship is a temporal/geographic candidate association, not proven causation or a weather forecast."
Iran,ir_mashhad,pk_quetta,Rainfall->Rainfall,1,7,7,7.0,7.0,rainfall_6afd4f17285a,rainfall_76ccf48deb34,"This UPSTREAM_OF relationship is a temporal/geographic candidate association, not proven causation or a weather forecast."
Iran,ir_kerman,pk_multan,Drought->Drought,1,8,8,8.0,8.0,drought_1072f2685b0f,drought_991bc53460fb,"This UPSTREAM_OF relationship is a temporal/geographic candidate association, not proven causation or a weather forecast."
Afghanistan,af_kabul,pk_peshawar,Rainfall->Storm,1,9,9,9.0,9.0,rainfall_bee277a545fc,storm_0c148bed9533,"This UPSTREAM_OF relationship is a temporal/geographic candidate association, not proven causation or a weather forecast."
Afghanistan,af_kandahar,pk_quetta,Drought->Drought,1,9,9,9.0,9.0,drought_f9598f09bebd,drought_ce8ebd84520d,"This UPSTREAM_OF relationship is a temporal/geographic candidate association, not proven causation or a weather forecast."
China,cn_urumqi,pk_gilgit,Heatwave->Heatwave,1,9,9,9.0,9.0,heatwave_568f3733c96c,heatwave_38494dbe3584,"This UPSTREAM_OF relationship is a temporal/geographic candidate association, not proven causation or a weather forecast."
India,in_srinagar,pk_sukkur,Rainfall->Flood,1,9,9,9.0,9.0,rainfall_a9445be2e5fc,flood_0dd5ae34baf5,"This UPSTREAM_OF relationship is a temporal/geographic candidate association, not proven causation or a weather forecast."
Afghanistan,af_jalalabad,pk_sukkur,Rainfall->Rainfall,1,10,10,10.0,10.0,rainfall_c59925149dcb,rainfall_54c4110c1ae6,"This UPSTREAM_OF relationship is a temporal/geographic candidate association, not proven causation or a weather forecast."
China,cn_kashgar,pk_gilgit,Flood->Flood,1,10,10,10.0,10.0,flood_f92348d2173b,flood_10bc25f90f92,"This UPSTREAM_OF relationship is a temporal/geographic candidate association, not proven causation or a weather forecast."
India,in_new_delhi,pk_islamabad,Rainfall->Flood,1,10,10,10.0,10.0,rainfall_08a09a28a247,flood_ea1c653fd7e1,"This UPSTREAM_OF relationship is a temporal/geographic candidate association, not proven causation or a weather forecast."
Iran,ir_zahedan,pk_sukkur,Flood->Flood,1,10,10,10.0,10.0,flood_bcc48ba60408,flood_720e5872a3fa,"This UPSTREAM_OF relationship is a temporal/geographic candidate association, not proven causation or a weather forecast."
